source_id,tile,z_source,visual_class,visual_notes,morph_band,BT,sersic_n,morph_SNR,axis_ratio_catalog,r3_eligibility,f115w_sha256,f115w_status,f150w_sha256,f150w_status,f277w_sha256,f277w_status,f444w_sha256,f444w_status
685484,B8,0.215,smooth_disk_S0,obviously disk,f115w,0.3959023723141426,1.926524957256107,4096.715927450826,0.3963594037402171,ELIGIBLE,9bafeb1156a767753d2eb5d701040506f8af694247d48e244c1e658daf09983b,OK,7bbd96866241c8a9d8f53af8f1877a54f9c46eeb5257e40c801914888b4025e0,OK,de563f56664c2037f9d66d0ccdf21b5b14c6f5cb5d7c1eb2499c865ba695ea13,OK,5e716db68dcdad0cf23801a438c70c951aa8f75f208d6dd7e67984d3f96abea2,OK
83970,A3,0.3299,clear_spiral,,f115w,0.39914290425422,1.7898918819343037,631.4172962336385,0.7298143971466335,ELIGIBLE,97ec50ad58f90af24f9918ae4980ad46db91990c571b9822aa5e3fc1bf8072e6,OK,73aae3eed23de2dcbc2d4ff8a3cc68f3ea3b7e4890cadc979149f0e902b85da8,OK,011812b9fc4aa8d7f2b2bac63f526b37da72bd860c017b621d3e8b283b34b426,OK,9776992a6d874abdda88116791038c3aa3b828ca56e1b910b83f798f4f6eb2e0,OK
57977,A2,0.4304,smooth_disk_S0,buldge disk,f115w,0.493081412110678,2.239931769685469,1889.0433581890625,0.4066254772134288,ELIGIBLE,7948ae4c222bd0c1c75f1ca6f06ad7f8cc59f0ccc54d0a116db7c0cbfadf390a,OK,96c016ba07196b095b02f6dab4d22add875350c4747b75f83e7f86dc7d61d7f5,OK,42a68683ad9d57e4b4df5299b3a08dcc008f760be139aa72c7d38273913e17bf,OK,1bf81bbec580aa7ae2dcf6859e59d38796e25fa447052a76031f14e6b70d0fa9,OK
316667,A9,0.4921,smooth_disk_S0,,f115w,0.3481299940821641,1.6052201872767289,428.1187305589394,0.2744956828413726,ELIGIBLE,8967927f42d2024ce8570e577c928cfe79b3caece7b113704758ec39a2732502,OK,dbc1eebcf8d03649733bfd743d58101ee6db6c9458ba9251dd1b9eafb8ffa7a9,OK,904bacfa5599da45569d68a2e7a57f080ea137e98b0dcd7c3c3b393f1a9d5954,OK,c892f6ad89d2b1ac6c99197be3a62f99f798729f589c1d319ff27e955f91541d,OK
470340,B3,0.6208,spheroid,,f115w,0.4683685941055704,2.157420679930423,80.8544881797333,0.8239951351567412,INELIGIBLE_VISUAL_CLASS,17f5699a46ada8cb4eac8339762a4ede2832472231378145449b7d9ea1bab532,OK,738695f9011eb77068f436983ec18ac45339b4a83a753509f0df83c2652fe1b4,OK,e370ecde7ff863a87cf1019266f4b3040af6f10930f0980a4ef8cfe1fa743839,OK,f5435c28247aad70b030a8e6d78b359e7cbd0f80c73fc28e57bc5ab4a0f38313,OK
42724,A2,0.7045,smooth_disk_S0,buldge disk,f115w,0.2468729038201936,1.600746638092153,614.8331342688631,0.3775030745946663,ELIGIBLE,78002df39c3e458170a618e64b3768e1c5fa2ca4d749f8359900ace201116b09,OK,eddb37c028f4e47581bd3a233418b0597c4ab41b694c8bb083267280cc40ac0b,OK,00ae21f8d97ec3efa85f16f424b6c692c27826c97e197e36993cc750921acdd8,OK,90b319db133919ca995c86ff437e92e7de4180c4f2f33d39c5bbf46e87a3b2e7,OK
564924,B5,0.8188,smooth_disk_S0,buldge disk,f115w,0.3473389186699737,2.348102019913032,945.4842297964384,0.5104454939323579,ELIGIBLE,34c536510d6cc925f5cb9943f9d8efdadabd99f87556d6659723b2ff3daf9f58,OK,7cce355990c8fb1b944e933b3ef808f505f8dfb80635a0c62e1cc28fcafa6f4f,OK,78d00a5df2117c0bd73cde6e3f4d015355f6be633e8a8ac654826bd8272d5ee9,OK,520941701d11b37e5ee6fef05819c2c6d881885a0cdbc2d04401b7c163337086,OK
756543,B10,0.8556,smooth_disk_S0,weak disk,f115w,0.0078346024759415,1.876733634254352,96.43079836225048,0.5906831487923146,ELIGIBLE,a4f7a5aa95ebe0b7a21b905d232d77b7607ecdb5cf33e50359cf68f6eaf7a68a,OK,8cf2448fce0246710ae55268c8828882685bd14619d310e33ebe4ea4c0a12ab2,OK,313ff9f9a9257617dc5f777e25fff2e8f5b0f16eb8819271f108b123f3c4ab29,OK,1bd139513365339b3d3398e8b83420f39df9008a606c737c6e56439e17efb08f,OK
449902,B2,0.9945,smooth_disk_S0,,f115w,0.489059280099189,1.5336254212686824,1044.7781271241531,0.2644837972680082,ELIGIBLE,6c294b920e50270c23d69e2e3d4da8799bdd4ec59e566eebde24d7035cf4485d,OK,de0bce126b06008985090d0c266e08bb936aeed2fbb1b0d7d0461ebd42782a37,OK,49f1e868af1eba07da70bc8acd7dcc7861d50ff96b619191466301a1fc86ad65,OK,9974ad51e0348e2e22da73fcc5246c8301a1773d5ca107cf6aebedc7aff5e6d8,OK
