source_id,z_source,z_target,target_band,mapped_pivot_um,w_f115,w_f150,w_f277,sum_abs_weights,l2_weights,moment_condition
685484,0.215,1.0,F277W,1.6865597250000002,-0.351083991125901,1.3018593253656603,0.04922466576024062,1.7021679822518019,1.3492667414509376,141.16701873793755
685484,0.215,1.5,F277W,1.3492477800000002,0.3909174592916104,0.622331606082731,-0.013249065374341269,1.0264981307486827,0.7350432814751883,141.16701873793755
685484,0.215,2.0,F444W,1.782705915,-0.49161456673426573,1.404962601372918,0.08665196536134787,1.9832291334685315,1.4910108505919266,141.16701873793755
685484,0.215,2.5,F444W,1.5280336414285713,-0.05475970994163419,1.0489358627626881,0.005823847178946042,1.1095194198832683,1.0503804011969,141.16701873793755
685484,0.215,3.0,F444W,1.33702943625,0.42332692058237903,0.5904682395712716,-0.013795160153650555,1.0275903203073011,0.7266696154896125,141.16701873793755
83970,0.3299,1.0,F277W,1.8460541385,-0.5618925753356845,1.4449619372114046,0.11693063812428023,2.123785150671369,1.55477041402879,141.16701873793755
83970,0.3299,1.5,F277W,1.4768433108,0.0629477465503416,0.9395580376457743,-0.002505784196115708,1.0050115683922316,0.9416676716628759,141.16701873793755
83970,0.3299,2.0,F444W,1.9512926719,-0.6546926572636542,1.4801649944450495,0.174527662818605,2.309385314527309,1.6278730882179921,141.16701873793755
83970,0.3299,2.5,F444W,1.6725365759142858,-0.3307698461290323,1.2867515006466659,0.04401834548236665,1.6615396922580647,1.3293140073976786,141.16701873793755
83970,0.3299,3.0,F444W,1.463469503925,0.09241782546820866,0.9123220889780358,-0.004739914446244493,1.009479828892489,0.917003334394416,141.16701873793755
57977,0.4304,1.0,F277W,1.9855596960000002,-0.672562344813153,1.4763198808958768,0.19624246391727612,2.3451246896263056,1.6341271685622591,141.16701873793755
57977,0.4304,1.5,F277W,1.5884477568000002,-0.1767385908075287,1.1569891440421962,0.01974944676533243,1.3534771816150575,1.1705769729324347,141.16701873793755
57977,0.4304,2.0,F444W,2.0987510624000003,-0.7149691968462787,1.4411317943568354,0.2738374024894435,2.4299383936925576,1.6318788938359765,141.16701873793755
57977,0.4304,2.5,F444W,1.798929482057143,-0.5116766261949388,1.417758751278051,0.09391787491688806,2.0233532523898776,1.5101898601992525,141.16701873793755
57977,0.4304,3.0,F444W,1.5740632968000001,-0.15069012799248568,1.1348831165569664,0.015807011435519398,1.3013802559849714,1.1449528656372574,141.16701873793755
316667,0.4921,1.0,F277W,2.0712063915,-0.7064255807610968,1.4522030118431344,0.2542225689179625,2.4128511615221937,1.634796563278493,141.16701873793755
316667,0.4921,1.5,F277W,1.6569651132,-0.30207791910629894,1.2627208830170695,0.03935703608922934,1.6041558382125978,1.2989472945076441,141.16701873793755
316667,0.4921,2.0,F444W,2.189280243433333,-0.7138980858148334,1.3687140782947032,0.34518400752013023,2.4277961716296668,1.5818282789544065,141.16701873793755
316667,0.4921,2.5,F444W,1.876525922942857,-0.5947660644608671,1.4625891844503567,0.13217688001051084,2.189532128921735,1.5844193010421013,141.16701873793755
316667,0.4921,3.0,F444W,1.6419601825749999,-0.27852333029237675,1.2442646826370087,0.03425864765536811,1.5570466605847535,1.2755169543812843,141.16701873793755
42724,0.7045,1.0,F277W,2.3660420175,-0.6247404680350481,1.1168906857379568,0.5078497822970917,2.2494809360700967,1.376828550571224,141.16701873793755
42724,0.7045,1.5,F277W,1.892833614,-0.6066688227936945,1.465232373075008,0.1414364497186865,2.213337645587389,1.5921549035712363,141.16701873793755
42724,0.7045,2.0,F444W,2.500923647833333,-0.4887040944598252,0.8375430453014016,0.6511610491584237,1.9774081889196504,1.1680414190497024,141.16701873793755
42724,0.7045,2.5,F444W,2.1436488409999996,-0.718058786813789,1.409823974876998,0.308234811936791,2.4361175736275777,1.611899736568059,141.16701873793755
42724,0.7045,3.0,F444W,1.8756927358749997,-0.5939869315324775,1.4622516615365329,0.1317352699959446,2.187973863064955,1.5837785760195846,141.16701873793755
564924,0.8188,1.0,F277W,2.524703562,-0.4536192390776857,0.7746267491672468,0.6789924899104389,1.9072384781553715,1.125543342542442,141.16701873793755
564924,0.8188,1.5,F277W,2.0197628496,-0.6891953495265444,1.4706459329205468,0.21854941660599747,2.3783906990530888,1.6387658579930153,141.16701873793755
564924,0.8188,2.0,F444W,2.668630056133333,-0.22544383921438393,0.37090475000976425,0.8545390892046196,1.4508876784287679,0.9584530834621942,141.16701873793755
564924,0.8188,2.5,F444W,2.2873971909714284,-0.6800250970102594,1.248599234897107,0.431425862113153,2.360050194020519,1.4857868139304276,141.16701873793755
564924,0.8188,3.0,F444W,2.0014725420999997,-0.683831737596391,1.4778603195438778,0.2059714180525132,2.3676634751927823,1.6413778341628094,141.16701873793755
756543,0.8556,1.0,F277W,2.575786194,-0.37958946688230233,0.6403352397793729,0.7392542271029297,1.7591789337646049,1.0491016132676794,141.16701873793755
756543,0.8556,1.5,F277W,2.0606289552,-0.7036467709835496,1.4569672517454555,0.24667951923809406,2.4072935419670993,1.6366805235554736,141.16701873793755
756543,0.8556,2.0,F444W,2.722624770266666,-0.1195285294367108,0.19374405879120005,0.9257844706455113,1.239057058873422,0.953362845801419,141.16701873793755
756543,0.8556,2.5,F444W,2.3336783745142853,-0.6522365205862884,1.1769119726342585,0.4753245479520302,2.304473041172577,1.4270485962300554,141.16701873793755
756543,0.8556,3.0,F444W,2.0419685776999996,-0.7008578416971298,1.4677420880143386,0.23311575368279144,2.4017156833942597,1.6431103145595995,141.16701873793755
449902,0.9945,1.0,F277W,2.7685953674999997,-0.01705959803428765,0.027700071428353755,0.9893595266059343,1.0341191960685756,0.9898942351221901,141.16701873793755
449902,0.9945,1.5,F277W,2.2148762939999997,-0.7050040970256941,1.337652733221589,0.36735136380410516,2.4100081940513887,1.556050332093065,141.16701873793755
449902,0.9945,2.5,F444W,2.5083646895714287,-0.4791309892445944,0.8195205705066024,0.6596104187379922,1.958261978489189,1.1559698849216098,141.16701873793755
449902,0.9945,3.0,F444W,2.194819103375,-0.7128921448976002,1.3630866313081387,0.34980551358946194,2.425784289795201,1.57752472945601,141.16701873793755
